fkImportStagingId,ItemAsListed,Brand,BrandNameShort,BrandKeywords,ProductName,ContainerSizeQty,ContainerSizeUnit,ContainerType,ABV,ProductType,ProductCategory,Country,City,StateProv,CountryCode,IsWellKnownMixedDrink,ProductKeywords
27578,Cocktail Prep $4 2 oz,,,,Cocktail Prep,2,Ounce,Part,,Mixers,Mixers,,,,,,
27579,Adelphi - Caol Ila 1 oz,Adelphi Distillery,Adelphi,Adelphi,Adelphi Caol Ila Single Malt Scotch Whisky,1,Ounce,Shot Glass,,Liquor,Scotch Whisky,United Kingdom,Glenfarg,Scotland,GB,,Caol|Ila
27580,Old Fashioned $3 2oz,,,,Generic Old Fashioned,2,Ounce,Lowball,,Mixed Drink,Mixed Drink,,,,,1,
27581,Bologna Sando,,,,Bologna Sandwich,1,Each,Undefined,,Food,Food,,,,,,
27582,Sky Dog,,,,Sky Dog,1,Drink,Generic Glass,,Mixed Drink,Mixed Drink,,,,,0,
27583,Ardbeg An Oa 2 oz,Ardbeg Distillery,Ardbeg,Ardbeg,Ardbeg An Oa Single Malt Scotch Whisky,2,Ounce,Generic Glass,46.6%,Liquor,Scotch Whisky,United Kingdom,Port Ellen,Scotland,GB,,An|Oa
27584,Misguided Vodka 1 oz,Misguided Spirits,Misguided,Misguided,Misguided Vodka,1,Ounce,Shot Glass,40%,Liquor,Non-Flavored Vodka,United States,New York,New York,US,,Vodka
27585,Bearded Iris OF Ale,Bearded Iris Brewing,Bearded Iris,Bearded|Iris,Bearded Iris Homestyle Old Fashioned Ale,16,Ounce,Draft,5.8%,Beer,Pale Ale,United States,Nashville,Tennessee,US,,Homestyle|Old|Fashioned
27586,Dirty 2oz,,,,Dirty Martini,2,Ounce,Generic Glass,,Mixed Drink,Mixed Drink,,,,,1,
27587,Martinez,,,,Martinez,1,Drink,Generic Glass,,Mixed Drink,Mixed Drink,,,,,1,
27588,Old Fashioned $2 2oz,,,,Generic Old Fashioned,2,Ounce,Lowball,,Mixed Drink,Mixed Drink,,,,,1,
27589,Toddy 2oz,,,,Generic Hot Toddy,2,Ounce,Generic Glass,,Mixed Drink,Mixed Drink,,,,,1,
27590,Sour $4 2oz,,,,Generic Whiskey Sour,2,Ounce,Generic Glass,,Mixed Drink,Mixed Drink,,,,,1,
27591,Old Fashioned $2 2oz,,,,Generic Old Fashioned,2,Ounce,Lowball,,Mixed Drink,Mixed Drink,,,,,1,
27592,Cocktail Prep $4 2oz,,,,Cocktail Prep,2,Ounce,Undefined,,Mixers,Mixers,,,,,,
27593,Braulio 2oz,Braulio,Braulio,Braulio,Braulio Amaro Alpino,2,Ounce,Generic Glass,21%,Liquor,Liqueurs & Cordials,Italy,Bormio,Lombardy,IT,,Alpino
27594,Old Forester Straight Bourbon 1oz,Old Forester,Old Forester,Old|Forester,Old Forester Straight Bourbon Whiskey,1,Ounce,Shot Glass,43%,Liquor,Bourbon,United States,Louisville,Kentucky,US,,Straight
27595,Nardini L'Amaro 1oz,Nardini,Nardini,Nardini,Nardini Amaro,1,Ounce,Generic Glass,31%,Liquor,Liqueurs & Cordials,Italy,Bassano del Grappa,Veneto,IT,,Amaro
27596,No Trinity,,,,No Trinity,1,Each,Part,,Food,Food,,,,,,
27597,Bailey's Addon,Baileys,Baileys,Baileys,Baileys Irish Cream Liqueur,1,Ounce,Part,17%,Liquor,Liqueurs & Cordials,Ireland,Dublin,,IE,,Irish|Cream
27598,Forthave - Marseille 1 oz,Forthave Spirits,Forthave,Forthave,Forthave Marseille Amaro,1,Shot,Shot Glass,32%,Liquor,Liqueurs & Cordials,United States,Brooklyn,New York,US,,Marseille
27599,W. L. Weller SR 2oz,Buffalo Trace Distillery,Buffalo Trace,Buffalo|Trace,W.L. Weller Special Reserve Bourbon Whiskey,2,Shot,Shot Glass,45%,Liquor,Bourbon,United States,Frankfort,Kentucky,US,,Weller|Special|Reserve
27600,Event Gansett,Narragansett Brewing Company,Narragansett,Narragansett,Narragansett Lager,12,Ounce,Can,5%,Beer,Pilsner and Pale Lager,United States,Providence,Rhode Island,US,,Lager
27601,D'usse XO 2 oz,D'Usse,D'Usse,D'Usse,D'Usse XO Cognac,2,Shot,Shot Glass,40%,Liquor,Brandy,France,Cognac,,FR,,XO
27602,Cocktail 2 oz,,,,Cocktail,2,Shot,Generic Glass,,Mixed Drink,Mixed Drink,,,,,0,
27603,Two James French Connection 1 oz,Two James Spirits,Two James,Two|James,Two James French Connection Bourbon Whiskey,1,Ounce,Shot Glass,45%,Liquor,Bourbon,United States,Detroit,Michigan,US,,French|Connection
27604,Elijah Craig Barrel Proof 1oz,Elijah Craig,Elijah Craig,Elijah|Craig,Elijah Craig Barrel Proof Bourbon Whiskey,1,Shot,Shot Glass,,Liquor,Bourbon,United States,Louisville,Kentucky,US,,Barrel|Proof
27605,High Life Pony 1oz,Miller Brewing Company,Miller,Miller,Miller High Life Pony Bottle Lager,7,Ounce,Bottle,4.6%,Beer,Pilsner and Pale Lager,United States,Milwaukee,Wisconsin,US,,High|Life
27606,Chartreuse - MOF 1 oz,Chartreuse,Chartreuse,Chartreuse,Chartreuse MOF Liqueur,1,Shot,Shot Glass,40%,Liquor,Liqueurs & Cordials,France,Voiron,Auvergne-Rhone-Alpes,FR,,MOF
27607,Martini $4 2 oz,,,,Generic Martini,2,Ounce,Generic Glass,,Mixed Drink,Mixed Drink,,,,,1,
27608,Southbound - Repo 2 oz,,,,Southbound Reposado Tequila,2,Ounce,Shot Glass,,Liquor,Reposado Tequila,,,,,,
27609,Maker's Mark Wood Finish Series 2025 ed. 2 2 oz,Maker's Mark,Maker's Mark,Maker's|Mark,Maker's Mark Wood Finishing Series 2025 Release 2 Bourbon Whiskey,2,Shot,Shot Glass,,Liquor,Bourbon,United States,Loretto,Kentucky,US,,Wood|Finishing|2025
27610,Dry-Original,,,,Dry Original,1,Drink,Generic Glass,,Non-Alcoholic Drink,Non-Alcoholic Drink,,,,,,
27611,Misguided Gin 2 oz,Misguided Spirits,Misguided,Misguided,Misguided Gin,2,Shot,Shot Glass,,Liquor,Non-Flavored Gin,United States,,,US,,Gin
27612,add fries,,,,Add Fries,1,Each,Undefined,,Food,Food,,,,,,
27613,Nikka Coffey Malt 1oz,"Nikka Whisky Distilling Co., Ltd.",Nikka,Nikka,Nikka Coffey Malt Whisky,1,Shot,Shot Glass,45%,Liquor,Japanese/Asian Whisky,Japan,Tokyo,,JP,,Coffey|Malt
27614,Dalmore 12 1oz,Dalmore Distillery,Dalmore,Dalmore,Dalmore 12 Year Single Malt Scotch Whisky,1,Shot,Shot Glass,40%,Liquor,Scotch Whisky,United Kingdom,Alness,Scotland,GB,,12
27615,Cocktail Prep $5 2oz,,,,Cocktail Prep,2,Ounce,Undefined,,Mixers,Mixers,,,,,,
27616,Old Fashioned $3 2oz,,,,Generic Old Fashioned,2,Drink,Lowball,,Mixed Drink,Mixed Drink,,,,,1,
27617,Glendronach - 15yr 2 oz,GlenDronach Distillery,GlenDronach,GlenDronach,GlenDronach 15 Year Revival Single Malt Scotch Whisky,2,Shot,Shot Glass,46%,Liquor,Scotch Whisky,United Kingdom,Forgue,Scotland,GB,,15yr|Revival
27618,Wild Turkey - 8yr 1 oz,Wild Turkey,Wild Turkey,Wild|Turkey,Wild Turkey 8 Year Bourbon Whiskey,1,Ounce,Shot Glass,50.5%,Liquor,Bourbon,United States,Lawrenceburg,Kentucky,US,,8|Year
27619,Collins $3 2oz,,,,Generic Collins,2,Ounce,Shot Glass,,Mixed Drink,Mixed Drink,,,,,1,
27620,Collins $3 2 oz,,,,Generic Collins,2,Ounce,Shot Glass,,Mixed Drink,Mixed Drink,,,,,1,
27621,Green River - Full Proof 1 oz,Green River Distilling Co.,Green River,Green|River,Green River Full Proof Bourbon Whiskey,1,Shot,Shot Glass,57.5%,Liquor,Bourbon,United States,Owensboro,Kentucky,US,,Full|Proof
27622,Russell's Reserve 15,Russell's Reserve,Russell's Reserve,Russell's|Reserve,Russell's Reserve 15 Year Bourbon Whiskey,1,Shot,Shot Glass,55%,Liquor,Bourbon,United States,Lawrenceburg,Kentucky,US,,15|Year
27623,Espresso Martini 2 oz,,,,Generic Espresso Martini,2,Ounce,Generic Glass,,Mixed Drink,Mixed Drink,,,,,1,
27624,Don Julio - 1942 2 oz,Don Julio,Don Julio,Don|Julio,Don Julio 1942 Anejo Tequila,2,Ounce,Shot Glass,38%,Liquor,Anejo Tequila,Mexico,Atotonilco El Alto,Jalisco,MX,,1942
27625,Old Rip Van Winkle 10 1 oz,Old Rip Van Winkle Distillery,Old Rip Van Winkle,Rip|Van|Winkle,Old Rip Van Winkle 10 Year Bourbon Whiskey,1,Ounce,Shot Glass,53.5%,Liquor,Bourbon,United States,Frankfort,Kentucky,US,,10|Year
27626,Sour $3 2oz,,,,Generic Whiskey Sour,2,Ounce,Generic Glass,,Mixed Drink,Mixed Drink,,,,,1,
27627,Strega 1oz,Strega Alberti,Strega,Strega,Strega Liqueur,1,Ounce,Shot Glass,40%,Liquor,Liqueurs & Cordials,Italy,Benevento,Campania,IT,,Strega
27628,Margarita $4 2 oz,,,,Generic Margarita,2,Ounce,Generic Glass,,Mixed Drink,Mixed Drink,,,,,1,
27629,Rittenhouse 1oz,Heaven Hill Distillery,Rittenhouse,Rittenhouse,Rittenhouse Rye Whiskey,1,Ounce,Shot Glass,50%,Liquor,Rye,United States,Bardstown,Kentucky,US,,Rittenhouse
27630,38 1oz,,,,38,1,Ounce,Shot Glass,,Liquor,Undefined,,,,,,
27631,Stoli Blue 2oz,Stolichnaya,Stoli,Stolichnaya|Stoli,Stoli Blueberry Vodka,2,Ounce,Shot Glass,40%,Liquor,Flavored Vodka,Latvia,Riga,,LV,,Blueberry
27632,Tortilla Chips,,,,Tortilla Chips,1,Each,Undefined,,Food,Food,,,,,,
27633,Old Fashioned $2 2 oz,,,,Generic Old Fashioned,2,Ounce,Lowball,,Mixed Drink,Mixed Drink,,,,,1,
27634,Basil Hayden 1oz,Basil Hayden's,Basil Hayden's,Basil|Hayden's,Basil Hayden's Bourbon Whiskey,1,Shot,Shot Glass,40%,Liquor,Bourbon,United States,Clermont,Kentucky,US,,
27635,Old Overholt 114 2oz,Old Overholt,Old Overholt,Old|Overholt,Old Overholt 114 Rye Whiskey,2,Ounce,Shot Glass,57%,Liquor,Rye,United States,Clermont,Kentucky,US,,114
27636,Martini $4 2oz,,,,Generic Martini,2,Ounce,Generic Glass,,Mixed Drink,Mixed Drink,,,,,1,
27637,Cocktail Prep $4 2oz,,,,Cocktail Prep,2,Ounce,Undefined,,Undefined,Undefined,,,,,,
27638,Mellow Corn 1oz,Heaven Hill Distillery,Heaven Hill,Heaven|Hill,Mellow Corn Bottled in Bond Corn Whiskey,1,Shot,Shot Glass,50%,Liquor,Misc Whiskey,United States,Bardstown,Kentucky,US,,Mellow|Corn
27639,Martini $4 2 oz,,,,Generic Martini,2,Shot,Generic Glass,,Mixed Drink,Mixed Drink,,,,,1,
27640,Loaded Tots,,,,Loaded Tots,1,Each,Undefined,,Food,Food,,,,,,
27641,Margarita $4 2 oz,,,,Generic Margarita,2,Shot,Generic Glass,,Mixed Drink,Mixed Drink,,,,,1,
27642,Gallo Cocktail,,,,Gallo Cocktail,1,Drink,Generic Glass,,Mixed Drink,Mixed Drink,,,,,0,
27643,Event Milagro Repo,Milagro,Milagro,Milagro,Milagro Reposado Tequila,1,Shot,Shot Glass,40%,Liquor,Reposado Tequila,Mexico,Atotonilco el Alto,Jalisco,MX,,Reposado
27644,Tullamore D.E.W 12 1oz,Tullamore D.E.W.,Tullamore D.E.W.,Tullamore|D.E.W.,Tullamore D.E.W. 12 Year Special Reserve Irish Whiskey,1,Ounce,Shot Glass,40%,Liquor,Irish Whiskey,Ireland,Tullamore,County Offaly,IE,,12|Year|Special|Reserve
27645,Haus,Haus,Haus,Haus,Haus Aperitif,1,Shot,Shot Glass,15%,Liquor,Liqueurs & Cordials,United States,Sonoma,California,US,,Aperitif
27646,Ardbeg - Spectacular 1 oz,Ardbeg Distillery,Ardbeg,Ardbeg,Ardbeg Spectacular Single Malt Scotch Whisky,1,Ounce,Shot Glass,46%,Liquor,Scotch Whisky,United Kingdom,Port Ellen,Scotland,GB,,Spectacular
27647,Roadhouse - S,Roadhouse Brewing Company,Roadhouse,Roadhouse,Roadhouse Brewing Company Beer,,Ounce,Undefined,,Beer,Specialty Beer,United States,Jackson,Wyoming,US,,
27648,High Life Pony 2oz,Miller Brewing Company,Miller,Miller,Miller High Life Beer,2,Ounce,Generic Glass,4.6%,Beer,Pilsner and Pale Lager,United States,Milwaukee,Wisconsin,US,,High|Life
27649,Negroni $3 2oz,,,,Generic Negroni,2,Ounce,Lowball,,Mixed Drink,Mixed Drink,,,,,1,
27650,Glenfiddich 14 2oz,Glenfiddich Distillery,Glenfiddich,Glenfiddich,Glenfiddich 14 Year Old Scotch Whisky,2,Ounce,Shot Glass,43%,Liquor,Scotch Whisky,United Kingdom,Dufftown,Scotland,GB,,14
27651,Jack Daniel's Coy Hill 2 oz,Jack Daniel's Distillery,Jack Daniel's,Jack|Daniel's,Jack Daniel's Coy Hill High Proof Whiskey,2,Ounce,Shot Glass,,Liquor,Misc Whiskey,United States,Lynchburg,Tennessee,US,,Coy|Hill
27652,Kraken Mug,Kraken Rum Company,Kraken,Kraken,Kraken Spiced Rum Mixed Drink,1,Drink,Generic Glass,,Mixed Drink,Mixed Drink,United States,Parsippany,New Jersey,US,0,
27653,Old Fashioned $2 2 oz,,,,Generic Old Fashioned,2,Ounce,Lowball,,Mixed Drink,Mixed Drink,,,,,1,
27654,Unknown Origin Story,,,,Unknown Origin Story,1,Drink,Generic Glass,,Mixed Drink,Mixed Drink,,,,,0,
27655,Topo Chico 500ml,Topo Chico,Topo Chico,Topo|Chico,Topo Chico Mineral Water,16.9,Ounce,Bottle,0%,Water,Water,Mexico,Monterrey,Nuevo Leon,MX,,
27656,Waffle maker grilled cheese,,,,Waffle Maker Grilled Cheese,1,Each,Undefined,,Food,Food,,,,,,
27657,Alpha Clause,,,,Alpha Clause,1,Drink,Generic Glass,,Mixed Drink,Mixed Drink,,,,,0,
27658,Old Fashioned $2 2oz,,,,Generic Old Fashioned,2,Ounce,Lowball,,Mixed Drink,Mixed Drink,,,,,1,
27659,Margarita $4 2 oz,,,,Generic Margarita,2,Ounce,Generic Glass,,Mixed Drink,Mixed Drink,,,,,1,
27660,Old Fashioned $2 2oz,,,,Generic Old Fashioned,2,Ounce,Lowball,,Mixed Drink,Mixed Drink,,,,,1,
27661,Woodford Reserve Master's Collection - Sweet Oak 1 oz,Woodford Reserve,Woodford Reserve,Woodford|Reserve,Woodford Reserve Master's Collection Sweet Oak Bourbon Whiskey,1,Ounce,Shot Glass,45.2%,Liquor,Bourbon,United States,Versailles,Kentucky,US,,Master's|Collection|Sweet|Oak
27662,Citadelle Jardin 1 oz,Citadelle,Citadelle,Citadelle,Citadelle Jardin d'Ete Gin,1,Ounce,Shot Glass,41.7%,Liquor,Non-Flavored Gin,France,Cognac,,FR,,Jardin
27663,Old Fashioned $2 2oz,,,,Generic Old Fashioned,2,Ounce,Lowball,,Mixed Drink,Mixed Drink,,,,,1,
27664,The Hampden Pagos,Hampden Estate,Hampden Estate,Hampden|Estate,Hampden Estate Pagos Rum,1,Shot,Shot Glass,46%,Liquor,Rum,Jamaica,Trelawny,,JM,,Pagos
27665,Corsair Triple Smoke 1oz,Corsair Distillery,Corsair,Corsair,Corsair Triple Smoke American Malt Whiskey,1,Shot,Shot Glass,40%,Liquor,Misc Whiskey,United States,Nashville,Tennessee,US,,Triple|Smoke
27666,Chips and Queso,,,,Chips and Queso,1,Each,Undefined,,Food,Food,,,,,,
27667,Preiss Cocktail,,,,Preiss Cocktail,1,Drink,Generic Glass,,Mixed Drink,Mixed Drink,,,,,0,
27668,Negroni $3 2oz,,,,Generic Negroni,2,Ounce,Lowball,,Mixed Drink,Mixed Drink,,,,,1,
27669,Event Astral/Ketel One,Ketel One,Ketel One,Ketel|One,Ketel One Vodka,1,Shot,Shot Glass,40%,Liquor,Non-Flavored Vodka,Netherlands,Schiedam,,NL,,
27670,Old Fashioned $3 1oz,,,,Generic Old Fashioned,1,Ounce,Lowball,,Mixed Drink,Mixed Drink,,,,,1,
27671,Leipers Fork Tenn Rye 1 oz,Leiper's Fork Distillery,Leiper's Fork,Leiper's|Fork,Leiper's Fork Tennessee Rye Whiskey,1,Ounce,Shot Glass,45%,Liquor,Rye,United States,Franklin,Tennessee,US,,Tennessee|Rye
27672,Tullamore D.E.W 14 1oz,Tullamore D.E.W.,Tullamore D.E.W.,Tullamore|D.E.W.,Tullamore D.E.W. 14 Year Old Irish Whiskey,1,Ounce,Shot Glass,41.3%,Liquor,Irish Whiskey,Ireland,Tullamore,,IE,,14
27673,Meletti 1 oz,Meletti,Meletti,Meletti,Meletti Amaro,1,Shot,Shot Glass,32%,Liquor,Liqueurs & Cordials,Italy,Ascoli Piceno,,IT,,Amaro
27674,Martini $4 2oz,,,,Generic Martini,2,Shot,Generic Glass,,Mixed Drink,Mixed Drink,,,,,1,
27675,Mars Asagimadara,Mars Whisky,Mars,Mars,Mars Asagimadara Japanese Whisky,1,Shot,Shot Glass,48%,Liquor,Japanese/Asian Whisky,Japan,Miyada,Nagano,JP,,Asagimadara
27676,Old Forester 1910 2oz,Old Forester,Old Forester,Old|Forester,Old Forester 1910 Old Fine Whisky Bourbon,2,Shot,Shot Glass,46.5%,Liquor,Bourbon,United States,Louisville,Kentucky,US,,1910
27677,Chattanooga - PN Finish 1 oz,Chattanooga Whiskey,Chattanooga,Chattanooga,Chattanooga Whiskey Pinot Noir Finish Bourbon,1,Shot,Shot Glass,45%,Liquor,Bourbon,United States,Chattanooga,Tennessee,US,,Pinot|Noir|Finish
27678,Cambio - Anejo El  Desliz,El Desliz,El Desliz,Desliz,El Desliz Anejo Tequila,1,Shot,Shot Glass,,Liquor,Anejo Tequila,Mexico,,,MX,,Anejo
27679,Bodega Bagel,,,,Bodega Bagel,1,Each,Undefined,,Food,Food,,,,,,
27680,Rieger's BiB Rye,J. Rieger & Co.,Rieger's,Rieger's,Rieger's Bottled in Bond Rye Whiskey,1,Shot,Shot Glass,50%,Liquor,Rye,United States,Kansas City,Missouri,US,,Bottled|Bond
27681,.,,,,.,,Undefined,Undefined,,Undefined,Undefined,,,,,,
27682,Monster Mug,,,,Monster Mug,1,Drink,Generic Glass,,Mixed Drink,Mixed Drink,,,,,0,
27683,Charity Cocktail,,,,Charity Cocktail,1,Drink,Generic Glass,,Mixed Drink,Mixed Drink,,,,,0,
27684,Nikka From The Barrel 2oz,Nikka Whisky Distilling Co.,Nikka,Nikka,Nikka From the Barrel Blended Whisky,2,Ounce,Shot Glass,51.4%,Liquor,Japanese/Asian Whisky,Japan,Tokyo,,JP,,From|Barrel
27685,Noah's Mill,Kentucky Bourbon Distillers,Kentucky Bourbon Distillers,Kentucky|Bourbon|Distillers,Noah's Mill Bourbon Whiskey,1,Shot,Shot Glass,57.15%,Liquor,Bourbon,United States,Bardstown,Kentucky,US,,Noah's|Mill
27686,1/2 Jack Daniel's Tanyard Hill,Jack Daniel's Distillery,Jack Daniel's,Jack|Daniel's,Jack Daniel's Tanyard Hill Blended Whiskey,0.5,Ounce,Shot Glass,42%,Liquor,Misc Whiskey,United States,Lynchburg,Tennessee,US,,Tanyard|Hill
27687,Pentagram - XL,Surly Brewing Company,Surly,Surly,Surly Pentagram Wild Ale,16,Ounce,Generic Glass,6.66%,Beer,Wild/Sour Beer,United States,Minneapolis,Minnesota,US,,Pentagram
27688,Wild Turkey Rare Breed Rye 2oz,Wild Turkey,Wild Turkey,Wild|Turkey,Wild Turkey Rare Breed Rye Whiskey,2,Shot,Shot Glass,56.1%,Liquor,Rye,United States,Lawrenceburg,Kentucky,US,,Rare|Breed|Rye
27689,Manhattan $3,,,,Generic Manhattan,1,Drink,Generic Glass,,Mixed Drink,Mixed Drink,,,,,1,
27690,Bernheim,Heaven Hill Distillery,Heaven Hill,Heaven|Hill,Bernheim Original Wheat Whiskey,1,Shot,Shot Glass,45%,Liquor,Misc Whiskey,United States,Bardstown,Kentucky,US,,Bernheim|Original|Wheat
27691,Plymouth 1oz,Plymouth Gin,Plymouth,Plymouth,Plymouth Gin,1,Shot,Shot Glass,41.2%,Liquor,Non-Flavored Gin,United Kingdom,Plymouth,Devon,GB,,
27692,Planteray Dark 1 oz,Planteray Rum,Planteray,Planteray,Planteray Dark Rum,1,Shot,Shot Glass,,Liquor,Rum,France,Cognac,,FR,,Dark
27693,Cocktail Prep $3 2oz,,,,Cocktail Prep,2,Ounce,Part,,Mixers,Mixers,,,,,,
27694,$5 Advent Delta,Journeyman Distillery,Journeyman,Journeyman,Journeyman Adventer Rye Whiskey,1,Shot,Shot Glass,45%,Liquor,Rye,United States,Three Oaks,Michigan,US,,Adventer
27695,NightHawks 1 oz,Nighthawks Whiskey,Nighthawks,Nighthawks,Nighthawks Straight Bourbon Whiskey,1,Ounce,Shot Glass,46%,Liquor,Bourbon,United States,Nashville,Tennessee,US,,Straight
27696,Fernet Vallet 1 oz,Fernet Vallet,Fernet Vallet,Fernet|Vallet,Fernet Vallet Herbal Liqueur,1,Ounce,Shot Glass,35%,Liquor,Liqueurs & Cordials,Mexico,Mexico City,Mexico City,MX,,Herbal
27697,Bardstown  - Origin B.I.B. 2 oz,Bardstown Bourbon Company,Bardstown,Bardstown,Bardstown Origin Bottled in Bond Bourbon Whiskey,2,Ounce,Shot Glass,50%,Liquor,Bourbon,United States,Bardstown,Kentucky,US,,Origin|Bottled|Bond
27698,5 Cinco Sentidos - Arroqueno,Cinco Sentidos,Cinco Sentidos,Cinco|Sentidos,Cinco Sentidos Arroqueno Mezcal,1,Shot,Shot Glass,,Liquor,Mezcal,Mexico,Oaxaca,Oaxaca,MX,,Arroqueno
27699,The Hampden Great House 2 oz,Hampden Estate,Hampden Estate,Hampden|Estate,Hampden Estate Great House Rum,2,Ounce,Shot Glass,46%,Liquor,Rum,Jamaica,Trelawny,Trelawny,JM,,Great|House
27700,G4 - Repo,G4 Tequila,G4,G4,G4 Reposado Tequila,1,Shot,Shot Glass,40%,Liquor,Reposado Tequila,Mexico,Amatitan,Jalisco,MX,,Reposado
27701,Navazos Palazzi - Gin,Navazos Palazzi,Navazos Palazzi,Navazos|Palazzi,Navazos Palazzi Gin,1,Shot,Shot Glass,,Liquor,Non-Flavored Gin,Spain,Jerez de la Frontera,Andalusia,ES,,Gin
27702,Herbsaint 1oz,Herbsaint,Herbsaint,Herbsaint,Herbsaint Original Anise Liqueur,1,Ounce,Shot Glass,45%,Liquor,Liqueurs & Cordials,United States,New Orleans,Louisiana,US,,Original|Anise
27703,Monster (16oz),Monster Energy,Monster,Monster,Monster Energy Drink,16,Ounce,Can,,Energy Drink,Energy Drink,United States,Corona,California,US,,
27704,Glendronach 12,GlenDronach Distillery,GlenDronach,GlenDronach,GlenDronach 12 Year Single Malt Scotch Whisky,1,Shot,Shot Glass,43%,Liquor,Scotch Whisky,United Kingdom,Forgue,Aberdeenshire,GB,,12|Year
27705,Old Fashioned $2 2oz,,,,Generic Old Fashioned,2,Ounce,Lowball,,Mixed Drink,Mixed Drink,,,,,1,
27706,Old Bardstown 2 oz,Old Bardstown,Old Bardstown,Old|Bardstown,Old Bardstown Bourbon Whiskey,2,Ounce,Lowball,50%,Liquor,Bourbon,United States,Bardstown,Kentucky,US,,
27707,Old Fashioned $2 2 oz,,,,Generic Old Fashioned,2,Ounce,Lowball,,Mixed Drink,Mixed Drink,,,,,1,
27708,Negroni $3 2oz,,,,Generic Negroni,2,Ounce,Lowball,,Mixed Drink,Mixed Drink,,,,,1,
27709,Captain Morgan 2oz,Captain Morgan,Captain Morgan,Captain|Morgan,Captain Morgan Original Spiced Rum,2,Ounce,Shot Glass,35%,Liquor,Rum,United States,Stamford,Connecticut,US,,Original|Spiced
27710,nelsons Bday Old Fashion,Nelson's Green Brier Distillery,Nelson's Green Brier,Nelson's|Green|Brier,Nelson's Green Brier Birthday Old Fashioned,1,Drink,Lowball,,Mixed Drink,Mixed Drink,United States,Nashville,Tennessee,US,1,
27711,Elijah Craig Barrel Proof 2oz,Elijah Craig,Elijah Craig,Elijah|Craig,Elijah Craig Barrel Proof Bourbon Whiskey,2,Ounce,Shot Glass,,Liquor,Bourbon,United States,Bardstown,Kentucky,US,,Barrel|Proof
27712,Tierra de Enseuno 1 oz,Tierra de Ensueno,Tierra de Ensueno,Tierra|Ensueno,Tierra de Ensueno Mezcal,1,Ounce,Shot Glass,,Liquor,Mezcal,Mexico,,Oaxaca,MX,,Ensueno
27713,Sour $3 2 oz,,,,Sour Mix,2,Ounce,Part,,Mixers,Mixers,,,,,,
27714,Shadow - Reposado 2 oz,Shadow Tequila,Shadow,Shadow,Shadow Reposado Tequila,2,Ounce,Shot Glass,,Liquor,Reposado Tequila,United States,,,US,,Reposado
27715,Jello Misguided,Misguided Spirits,Misguided,Misguided,Misguided Jello Shot,1,Each,Undefined,,Mixed Drink,Mixed Drink,United States,Nashville,TN,US,0,
27716,W. L. Weller Antique 1oz,Buffalo Trace Distillery,Weller,Weller,Weller Antique 107 Bourbon Whiskey,1,Ounce,Shot Glass,53.5%,Liquor,Bourbon,United States,Frankfort,Kentucky,US,,Antique|107
27717,Pinhook Bourbon Resolve 2oz,Pinhook,Pinhook,Pinhook,Pinhook Bourbon Resolve Bourbon Whiskey,2,Ounce,Shot Glass,,Liquor,Bourbon,United States,Louisville,Kentucky,US,,Resolve
27718,Botanist 1oz,The Botanist,Botanist,Botanist,Botanist Islay Dry Gin,1,Shot,Shot Glass,46%,Liquor,Non-Flavored Gin,United Kingdom,Bruichladdich,Scotland,GB,,Islay|Dry
27719,Gunpowder,Drumshanbo,Drumshanbo,Drumshanbo,Drumshanbo Gunpowder Irish Gin,1,Shot,Shot Glass,43%,Liquor,Non-Flavored Gin,Ireland,Leitrim,,IE,,Gunpowder|Gin
27720,Pedro Furtivo Repo 2oz,Tequila Furtivo,Furtivo,Furtivo,Furtivo Reposado Tequila,2,Shot,Shot Glass,40%,Liquor,Reposado Tequila,Mexico,,Jalisco,MX,,Reposado
27721,Bardstown Cocktail,Bardstown Bourbon Company,Bardstown,Bardstown,Bardstown Cocktail,1,Drink,Generic Glass,,Mixed Drink,Mixed Drink,United States,Bardstown,Kentucky,US,0,
27722,Old Fashioned $2 2 oz,,,,Generic Old Fashioned,2,Shot,Lowball,,Mixed Drink,Mixed Drink,,,,,1,
27723,Siren's Song,,,,Siren's Song,1,Drink,Generic Glass,,Mixed Drink,Mixed Drink,,,,,0,
27724,Super Bowl fried platter,,,,Super Bowl Fried Platter,1,Each,Undefined,,Food,Food,,,,,,
27725,Ltd. Edt. Mermaid Mug,,,,Limited Edition Mermaid Mug,1,Each,Undefined,,Merch,Merchandise,,,,,,
27726,Plain Dog,,,,Plain Dog,1,Each,Undefined,,Food,Food,,,,,,
27727,Woodford Master Collection - Madeira 1 oz,Woodford Reserve,Woodford Reserve,Woodford|Reserve,Woodford Reserve Master's Collection Madeira Finish Bourbon Whiskey,1,Shot,Shot Glass,45.2%,Liquor,Bourbon,United States,Versailles,Kentucky,US,,Master's|Collection|Madeira|Finish
27728,Cascahuin Blanco 2 oz,Cascahuin,Cascahuin,Cascahuin,Cascahuin Blanco Tequila,2,Ounce,Shot Glass,38%,Liquor,Blanco Tequila,Mexico,El Arenal,Jalisco,MX,,Blanco
27729,N/A Witching Hour,,,,Witching Hour,1,Drink,Generic Glass,0%,Non-Alcoholic Drink,Non-Alcoholic Drink,,,,,,
27730,Pappy Van Winkle 15 Yr,Old Rip Van Winkle Distillery,Pappy Van Winkle,Pappy|Van|Winkle,Pappy Van Winkle 15 Year Family Reserve Bourbon Whiskey,1,Shot,Shot Glass,53.5%,Liquor,Bourbon,United States,Frankfort,Kentucky,US,,15|Year|Family|Reserve
27731,Fries 2oz,,,,Fries,2,Ounce,Undefined,,Food,Food,,,,,,
27732,Rebel Yell,Rebel Yell,Rebel Yell,Rebel|Yell,Rebel Yell Bourbon Whiskey,1,Shot,Shot Glass,40%,Liquor,Bourbon,United States,Louisville,Kentucky,US,,Yell
27733,Old Fashioned $2 2oz,,,,Generic Old Fashioned,2,Ounce,Lowball,,Mixed Drink,Mixed Drink,,,,,1,
27734,Sour $3 2oz,,,,Generic Sour,2,Ounce,Generic Glass,,Mixed Drink,Mixed Drink,,,,,1,
27735,Old Fashioned $3 2oz,,,,Generic Old Fashioned,2,Ounce,Lowball,,Mixed Drink,Mixed Drink,,,,,1,
27736,Celery Salad,,,,Celery Salad,1,Each,Undefined,,Food,Food,,,,,,
27737,Fortaleza - Cask Strength Single Barrel 1 oz,Fortaleza Distillery,Fortaleza,Fortaleza,Fortaleza Cask Strength Single Barrel Tequila,1,Ounce,Shot Glass,,Liquor,Tequila,Mexico,Tequila,Jalisco,MX,,Cask|Strength|Single|Barrel
27738,Old Forester Rye 100 1 oz,Old Forester,Old Forester,Old|Forester,Old Forester Rye 100 Proof Rye Whiskey,1,Shot,Shot Glass,50%,Liquor,Rye,United States,Louisville,Kentucky,US,,Rye|100
27739,over hard,,,,Eggs Over Hard,1,Each,Undefined,,Food,Food,,,,,,
27740,Nikka - Yoichi 10,Nikka Whisky Distilling Co.,Nikka,Nikka,Nikka Yoichi 10 Year Single Malt Japanese Whisky,1,Shot,Shot Glass,45%,Liquor,Japanese/Asian Whisky,Japan,Yoichi,Hokkaido,JP,,Yoichi|10
27741,1792 Sweet Wheat 2 oz,1792 Bourbon,1792,1792,1792 Sweet Wheat Bourbon Whiskey,2,Shot,Shot Glass,45.6%,Liquor,Bourbon,United States,Bardstown,Kentucky,US,,Sweet|Wheat
27742,No Mustard,,,,No Mustard,1,Each,Part,,Food,Food,,,,,,
27743,Elmer T. Lee 1 oz,Buffalo Trace Distillery,Buffalo Trace,Buffalo|Trace,Elmer T. Lee Single Barrel Bourbon Whiskey,1,Ounce,Shot Glass,45%,Liquor,Bourbon,United States,Frankfort,Kentucky,US,,Elmer|Lee
27744,Matchbook Cocktail,,,,Matchbook Cocktail,1,Drink,Generic Glass,,Mixed Drink,Mixed Drink,,,,,0,
27745,no chips,,,,No Chips,1,Each,Part,,Food,Food,,,,,,
27746,Glenfiddich 14 1oz,Glenfiddich,Glenfiddich,Glenfiddich,Glenfiddich 14 Year Old Scotch Whisky,1,Ounce,Shot Glass,43%,Liquor,Scotch Whisky,United Kingdom,Dufftown,Scotland,GB,,14
27747,Bombay Sapphire 1oz,Bombay Spirits Company,Bombay Sapphire,Bombay|Sapphire,Bombay Sapphire London Dry Gin,1,Ounce,Shot Glass,47%,Liquor,Non-Flavored Gin,United Kingdom,Laverstoke,England,GB,,Sapphire
27748,Noahs Mill 1 oz,Noah's Mill,Noah's Mill,Noah's|Mill,Noah's Mill Bourbon Whiskey,1,Shot,Shot Glass,57.15%,Liquor,Bourbon,United States,Loretto,Kentucky,US,,
27749,Negroni $3 2oz,,,,Generic Negroni,2,Ounce,Lowball,,Mixed Drink,Mixed Drink,,,,,1,
27750,Sour $3 2 oz,,,,Generic Whiskey Sour,2,Ounce,Generic Glass,,Mixed Drink,Mixed Drink,,,,,1,
27751,Grand Marnier 1 oz,Grand Marnier,Grand Marnier,Grand|Marnier,Grand Marnier Liqueur,1,Shot,Shot Glass,40%,Liquor,Liqueurs & Cordials,France,Neauphle-le-Chateau,,FR,,
27752,Rieger's HH Cocktail,J. Rieger & Co.,Rieger's,Rieger's,Rieger's Cocktail,1,Drink,Generic Glass,,Mixed Drink,Mixed Drink,United States,Kansas City,Missouri,US,0,
27753,No Fried Onion,,,,No Fried Onion,1,Each,Part,,Food,Food,,,,,,
27754,Ardbeg - Uigeadail 1 oz,Ardbeg Distillery,Ardbeg,Ardbeg,Ardbeg Uigeadail Scotch Whisky,1,Ounce,Shot Glass,54.2%,Liquor,Scotch Whisky,United Kingdom,Port Ellen,Scotland,GB,,Uigeadail
27755,Martini $4 2 oz,,,,Generic Martini,2,Ounce,Generic Glass,,Mixed Drink,Mixed Drink,,,,,1,
27756,Bruichladdich Classic Ladie 1oz,Bruichladdich Distillery,Bruichladdich,Bruichladdich,Bruichladdich The Classic Laddie Scotch Whisky,1,Ounce,Shot Glass,50%,Liquor,Scotch Whisky,United Kingdom,Bruichladdich,Scotland,GB,,Classic|Laddie
27757,Cocktail Prep $4 2 oz,,,,Cocktail Prep,2,Ounce,Generic Glass,,Mixers,Mixers,,,,,,
27758,Alambique Serrano,Alambique Serrano,Alambique Serrano,Alambique|Serrano,Alambique Serrano Mezcal,1,Shot,Shot Glass,,Liquor,Mezcal,Mexico,,Oaxaca,MX,,Serrano
27759,Sour $3 2 oz,,,,Generic Whiskey Sour,2,Ounce,Generic Glass,,Mixed Drink,Mixed Drink,,,,,1,
27760,Old Fashioned $2 2oz,,,,Generic Old Fashioned,2,Ounce,Lowball,,Mixed Drink,Mixed Drink,,,,,1,
27761,Sour $3 2oz,,,,Generic Whiskey Sour,2,Ounce,Generic Glass,,Mixed Drink,Mixed Drink,,,,,1,
27762,Old Fashioned $2 2 oz,,,,Generic Old Fashioned,2,Ounce,Lowball,,Mixed Drink,Mixed Drink,,,,,1,
27763,WILD TURKEY 101 BRBN SHOT,Wild Turkey,Wild Turkey,Wild|Turkey,Wild Turkey 101 Bourbon Whiskey,1,Shot,Shot Glass,50.5%,Liquor,Bourbon,United States,Lawrenceburg,Kentucky,US,,101
27764,Silverbelly - 4yr 2 oz,Silverbelly Whiskey,Silverbelly,Silverbelly,Silverbelly 4 Year Bourbon Whiskey,2,Ounce,Shot Glass,,Liquor,Bourbon,United States,Nashville,Tennessee,US,,4|Year
27765,Old Fashioned $2 2 oz,,,,Generic Old Fashioned,2,Ounce,Lowball,,Mixed Drink,Mixed Drink,,,,,1,
27766,Old Fashioned $2 2 oz,,,,Generic Old Fashioned,2,Ounce,Lowball,,Mixed Drink,Mixed Drink,,,,,1,
27767,Guinness 2oz,Guinness,Guinness,Guinness,Guinness Draught Stout,2,Ounce,Beer Glass,4.2%,Beer,Porter/Stout,Ireland,Dublin,,IE,,Draught
27768,Don Julio - Repo 2 oz,Don Julio,Don Julio,Don|Julio,Don Julio Reposado Tequila,2,Ounce,Shot Glass,38%,Liquor,Reposado Tequila,Mexico,Atotonilco El Alto,Jalisco,MX,,Reposado
27769,Mars Iwai 45 1oz,Mars Shinshu Distillery,Mars,Mars|Shinshu,Mars Iwai 45 Japanese Whisky,1,Ounce,Shot Glass,45%,Liquor,Japanese/Asian Whisky,Japan,Miyada,Nagano,JP,,Iwai|45
27770,Puro Potro - Blanco,Puro Potro,Puro Potro,Puro|Potro,Puro Potro Blanco Tequila,1,Shot,Shot Glass,40%,Liquor,Blanco Tequila,Mexico,,Jalisco,MX,,Blanco
27771,Cinco Sentidos 1oz,Cinco Sentidos,Cinco Sentidos,Cinco|Sentidos,Cinco Sentidos Mezcal,1,Ounce,Shot Glass,,Liquor,Mezcal,Mexico,,Oaxaca,MX,,Sentidos
27772,Event Fancy Jack,,,,Fancy Jack,1,Drink,Generic Glass,,Mixed Drink,Mixed Drink,,,,,0,
27773,Chattanooga Whiskey 91 2oz,Chattanooga Whiskey Company,Chattanooga Whiskey,Chattanooga|Whiskey,Chattanooga Whiskey 91 Straight Bourbon Whiskey,2,Ounce,Shot Glass,45.5%,Liquor,Bourbon,United States,Chattanooga,Tennessee,US,,91
27774,Noahs Mill 2 oz,Willett Distillery,Willett,Willett,Noah's Mill Genuine Bourbon Whiskey,2,Ounce,Shot Glass,57.15%,Liquor,Bourbon,United States,Bardstown,Kentucky,US,,Noah's|Mill
27775,No cream cheese,,,,No Cream Cheese,1,Each,Part,,Food,Food,,,,,,
27776,Aberlour - A'Bunadh Alba,Aberlour Distillery,Aberlour,Aberlour,Aberlour A'Bunadh Alba Single Malt Scotch Whisky,1,Shot,Shot Glass,61%,Liquor,Scotch Whisky,United Kingdom,Aberlour,Scotland,GB,,A'Bunadh|Alba
27777,Old Fashioned $3 2 oz,,,,Generic Old Fashioned,2,Ounce,Lowball,,Mixed Drink,Mixed Drink,,,,,1,
27778,Marg 2 oz,,,,Generic Margarita,2,Shot,Generic Glass,,Mixed Drink,Mixed Drink,,,,,1,
27779,Michter's - Toasted 1 oz,Michter's Distillery,Michter's,Michter's,Michter's Toasted Barrel Finish Bourbon Whiskey,1,Shot,Shot Glass,45.7%,Liquor,Bourbon,United States,Louisville,Kentucky,US,,Toasted|Barrel|Finish
27780,Fernet Vallet,Fernet Vallet,Fernet Vallet,Fernet|Vallet,Fernet Vallet Herbal Liqueur,1,Shot,Shot Glass,35%,Liquor,Liqueurs & Cordials,Mexico,Mexico City,Mexico City,MX,,Fernet|Vallet
27781,Cascahuin - Siete Veces Diez Reposado 1 oz,Cascahuin Distillery,Cascahuin,Cascahuin,Cascahuin Siete Veces Diez Reposado Tequila,1,Shot,Shot Glass,40%,Liquor,Reposado Tequila,Mexico,El Arenal,Jalisco,MX,,Siete|Veces|Diez
27782,Silas Shot 2 oz,,,,Silas Shot,2,Shot,Shot Glass,,Mixed Drink,Mixed Drink,,,,,0,
27783,Old Fashioned $3 2 oz,,,,Generic Old Fashioned,2,Ounce,Lowball,,Mixed Drink,Mixed Drink,,,,,1,
27784,Stagg (Jr.) 1oz,Buffalo Trace Distillery,Buffalo Trace,Buffalo|Trace,Stagg Jr. Barrel Proof Bourbon Whiskey,1,Ounce,Shot Glass,,Liquor,Bourbon,United States,Frankfort,Kentucky,US,,Stagg|Jr.
27785,Nikka Miyagikyo 2oz,"Nikka Whisky Distilling Co., Ltd.",Nikka,Nikka,Nikka Miyagikyo Single Malt Japanese Whisky,2,Ounce,Shot Glass,45%,Liquor,Japanese/Asian Whisky,Japan,Sendai,Miyagi,JP,,Miyagikyo
27786,Old Fashioned $2 2 oz,,,,Generic Old Fashioned,2,Ounce,Lowball,,Mixed Drink,Mixed Drink,,,,,1,
27787,*campo bravo (well)* 1oz,Campo Bravo,Campo Bravo,Campo|Bravo,Campo Bravo Blanco Tequila,1,Ounce,Shot Glass,40%,Liquor,Blanco Tequila,Mexico,,Jalisco,MX,,Blanco
27788,Old Fashioned $2 2oz,,,,Generic Old Fashioned,2,Ounce,Lowball,,Mixed Drink,Mixed Drink,,,,,1,
27789,Four Roses Single Barrel OESK 2 oz,Four Roses Distillery,Four Roses,Four|Roses,Four Roses Single Barrel OESK Bourbon Whiskey,2,Ounce,Shot Glass,60%,Liquor,Bourbon,United States,Lawrenceburg,Kentucky,US,,Single|Barrel|OESK
27790,Salad-Chickpea,,,,Chickpea Salad,1,Each,Undefined,,Food,Food,,,,,,
27791,Lions Tale,,,,Lion's Tail,1,Drink,Generic Glass,,Mixed Drink,Mixed Drink,,,,,1,
27792,Johnny Smoking Gun 1 oz,Johnny Smoking Gun,Johnny Smoking Gun,Johnny|Smoking|Gun,Johnny Smoking Gun Whiskey,1,Ounce,Shot Glass,45%,Liquor,Misc Whiskey,United States,,,US,,Smoking|Gun
27793,Select Aperitivo,Select,Select,Select,Select Aperitivo,1,Shot,Shot Glass,17.5%,Liquor,Liqueurs & Cordials,Italy,Venice,,IT,,Aperitivo
27794,Version Francaise - Armorik 1 oz,Armorik,Armorik,Armorik,Armorik Single Malt Whisky,1,Shot,Shot Glass,,Liquor,Misc Whiskey,France,Lannion,Brittany,FR,,Single|Malt
27795,Manhattan $3 2oz,,,,Generic Manhattan,2,Ounce,Lowball,,Mixed Drink,Mixed Drink,,,,,1,
27796,Old Fashioned $2 2oz,,,,Generic Old Fashioned,2,Ounce,Lowball,,Mixed Drink,Mixed Drink,,,,,1,
27797,Old Fashioned $2 2 oz,,,,Generic Old Fashioned,2,Ounce,Lowball,,Mixed Drink,Mixed Drink,,,,,1,
27798,5 Cinco Sentidos - Arroqueno 1 oz,Cinco Sentidos,Cinco Sentidos,Cinco|Sentidos,Cinco Sentidos Arroqueno Mezcal,1,Ounce,Shot Glass,,Liquor,Mezcal,Mexico,Oaxaca,Oaxaca,MX,,Arroqueno
27799,Glenmorangie 14 year Quinta Rubin 1 oz,Glenmorangie,Glenmorangie,Glenmorangie,Glenmorangie Quinta Ruban 14 Year Scotch Whisky,1,Ounce,Shot Glass,46%,Liquor,Scotch Whisky,United Kingdom,Tain,Scotland,GB,,Quinta|Ruban|14|Year
27800,Nelson Bros Rye,Nelson's Green Brier Distillery,Nelson Brothers,Nelson|Brothers,Nelson Brothers Rye Whiskey,1,Shot,Shot Glass,,Liquor,Rye,United States,Nashville,Tennessee,US,,Rye
27801,Alaska,,,,Generic Alaska Cocktail,1,Drink,Generic Glass,,Mixed Drink,Mixed Drink,,,,,1,
27802,Chattanooga - Founders,Chattanooga Whiskey,Chattanooga,Chattanooga,Chattanooga Whiskey Founders Edition Bourbon,1,Shot,Shot Glass,,Liquor,Bourbon,United States,Chattanooga,Tennessee,US,,Founders
27803,Southern Grist - MOSA,Southern Grist Brewing Company,Southern Grist,Southern|Grist,Southern Grist MOSA Mosaic Oat Session Ale,16,Ounce,Draft,,Beer,Pale Ale,United States,Nashville,Tennessee,US,,MOSA|Mosaic|Oat|Session
27804,Four Roses Small Batch Select - Barrel Strength 2 oz,Four Roses,Four Roses,Four|Roses,Four Roses Small Batch Select Bourbon Whiskey,2,Ounce,Shot Glass,52%,Liquor,Bourbon,United States,Lawrenceburg,Kentucky,US,,Small|Batch|Select
27805,Add Cheese,,,,Add Cheese,1,Each,Part,,Food,Food,,,,,,
27806,Old Fashioned $2 2 oz,,,,Generic Old Fashioned,2,Ounce,Lowball,,Mixed Drink,Mixed Drink,,,,,1,
27807,Sir Davis 2 oz,Sir Davis Whiskey,Sir Davis,Sir|Davis,Sir Davis Straight Bourbon Whiskey,2,Ounce,Shot Glass,48%,Liquor,Bourbon,United States,Nashville,Tennessee,US,,Straight
27808,Extra pickled onion,,,,Extra Pickled Onion,1,Each,Part,,Food,Food,,,,,,
27809,Frank August,Frank August,Frank August,Frank|August,Frank August Small Batch Bourbon Whiskey,1,Shot,Shot Glass,45%,Liquor,Bourbon,United States,Lexington,Kentucky,US,,Small|Batch
27810,Old Fashioned $4 2oz,,,,Generic Old Fashioned,2,Ounce,Lowball,,Mixed Drink,Mixed Drink,,,,,1,
27811,Old Fashioned $2 2 oz,,,,Generic Old Fashioned,2,Ounce,Lowball,,Mixed Drink,Mixed Drink,,,,,1,
27812,W. L. Weller Full Proof 2oz,Buffalo Trace Distillery,Buffalo Trace,Weller,Weller Full Proof Bourbon Whiskey,2,Ounce,Shot Glass,57%,Liquor,Bourbon,United States,Frankfort,Kentucky,US,,Full|Proof
27813,Rum Pum Pum Pum,,,,Rum Pum Pum Pum,1,Drink,Generic Glass,,Mixed Drink,Mixed Drink,,,,,0,
27814,Glendronach Portwood Finish,GlenDronach Distillery,GlenDronach,GlenDronach,GlenDronach Portwood Finish Single Malt Scotch Whisky,1,Shot,Shot Glass,46%,Liquor,Scotch Whisky,United Kingdom,Forgue,Aberdeenshire,GB,,Portwood|Finish
27815,La Pulga - Repo 1 oz,Codigo 1530,Codigo 1530,Codigo|1530,Codigo 1530 La Pulga Reposado Tequila,1,Shot,Shot Glass,40%,Liquor,Reposado Tequila,Mexico,Amatitan,Jalisco,MX,,La|Pulga
27816,Terrativo - Corsair Cocktail,Corsair Distillery,Corsair,Corsair,Terrativo Corsair Cocktail,1,Drink,Generic Glass,,Mixed Drink,Mixed Drink,United States,Nashville,Tennessee,US,0,
27817,Shadow - Reposado 1 oz,,,,Shadow Reposado Tequila,1,Ounce,Shot Glass,,Liquor,Reposado Tequila,,,,,,
27818,Hendricks - Oasium 1 oz,Hendrick's Gin,Hendrick's,Hendrick's,Hendrick's Orbium Gin,1,Ounce,Shot Glass,43.4%,Liquor,Non-Flavored Gin,United Kingdom,Girvan,Scotland,GB,,Orbium
27819,St Paddy's Cocktail,,,,St. Patrick's Day Cocktail,1,Drink,Generic Glass,,Mixed Drink,Mixed Drink,,,,,0,
27820,Kraken Black 1 oz,Kraken Rum,Kraken,Kraken,Kraken Black Spiced Rum,1,Shot,Shot Glass,47%,Liquor,Rum,United States,Parsippany,New Jersey,US,,Black|Spiced
27821,Jack Daniels Single Barrel  BARREL PROOF 1oz,Jack Daniel's Distillery,Jack Daniel's,Jack|Daniel's,Jack Daniel's Single Barrel Barrel Proof Tennessee Whiskey,1,Ounce,Shot Glass,64.5%,Liquor,Misc Whiskey,United States,Lynchburg,Tennessee,US,,Single|Barrel|Proof
27822,Well Mixed 2oz,,,,Well Mixed Drink,2,Ounce,Generic Glass,,Mixed Drink,Mixed Drink,,,,,0,
27823,Sam Adams - Winter Wheat,Samuel Adams,Samuel Adams,Samuel|Adams,Samuel Adams Winter Wheat Wheat Beer,16,Ounce,Beer Glass,5.3%,Beer,Wheat Beer,United States,Boston,Massachusetts,US,,Winter|Wheat
27824,Bernheim Barrel Proof,Heaven Hill Distillery,Heaven Hill,Heaven|Hill,Bernheim Original Barrel Proof Wheat Whiskey,1,Shot,Shot Glass,,Liquor,Misc Whiskey,United States,Bardstown,Kentucky,US,,Bernheim|Barrel|Proof
27825,Wilderness Trail Bourbon Wheated 1 oz,Wilderness Trail Distillery,Wilderness Trail,Wilderness|Trail,Wilderness Trail Wheated Bourbon Whiskey,1,Shot,Shot Glass,,Liquor,Bourbon,United States,Danville,Kentucky,US,,Wheated
27826,Old Forester 1920 1oz,Old Forester,Old Forester,Old|Forester,Old Forester 1920 Prohibition Style Bourbon Whiskey,1,Shot,Shot Glass,57.5%,Liquor,Bourbon,United States,Louisville,Kentucky,US,,1920|Prohibition
27827,Sour $3 2oz,,,,Well Sour,2,Ounce,Generic Glass,,Mixed Drink,Mixed Drink,,,,,1,
